S/N,student_id,Student Name,Date Of Birth,Place Of Birth,Name Of Parent,Mobile Number,class,Residence,Date Of Registration
4,DELCOM/GR/KKMA/130,Elinam Komashie,10-08-2023,Female,Sammy,0541406137,Basic 8,Ashaiman,01-08-2023
5,DELCOM/GR/KKMA/179,Foster Amoh,19-08-2011,Male,Amoh,0550884158,Basic 9 ,Ashaiman,01-08-2023
6,DELCOM/GR/KKMA/111,Bless Nkrumah,13-04-1999,Male,Madam,0545742764,Basic 4,Ashaiman,01-08-2023
7,DELCOM/GR/KKMA/155,David Kway,01-08-2023,Male,Sam,1234567890,Basic 3,Ashaiman,01-08-2023
8,DELCOM/GR/KKMA/107,Priscilla Ashey,16-08-2007,Female,Mrs  Ashey,0541406137,Basic 3,Ashaiman,01-08-2023
9,DELCOM/GR/KKMA/497,Michel Jackson,01-08-2023,Male,Jackson,123456789,Creche,Ashaiman,01-08-2023
